CREDIT_TO_ANNUITY_RATIO,1064.3
DAYS_BIRTH,734.1
NEW_EXT_SOURCES_MEAN,596.4
EXT_SOURCE_1,525.6
AMT_ANNUITY,524.1
EXT_SOURCE_3,486.0
ACTIVE_bureau1_MEAN,454.3
CREDIT_TO_GOODS_RATIO,446.6
APPROVED_CNT_PAYMENT_MEAN,428.6
DAYS_ID_PUBLISH,423.3
INSTAL_DAYS_ENTRY_PAYMENT_MAX,416.1
DAYS_EMPLOYED,405.7
EMPLOYED_TO_BIRTH_RATIO,381.4
EXT_SOURCE_2,364.1
ANNUITY_TO_INCOME_RATIO,356.3
INSTAL_DPD_MEAN,353.2
INSTAL_AMT_PAYMENT_SUM,353.1
DAYS_REGISTRATION,340.5
PREV_CNT_PAYMENT_MEAN,335.4
REGION_POPULATION_RELATIVE,329.4
NEW_EXT_SOURCES_MIN,324.6
ACTIVE_AMT_CREDIT_SUM_SUM,313.0
NEW_EXT_SOURCES_PROD,307.5
NEW_EXT_SOURCES_MAX,304.1
NEW_PHONE_TO_EMPLOY_RATIO,295.1
POS_pos CNT_INSTALMENT more CNT_INSTALMENT_FUTURE_MEAN,287.6
ACTIVE_bureau5_MAX,287.3
INSTAL_DBD_SUM,275.5
AMT_GOODS_PRICE,275.0
INSTAL_PAYMENT_DIFF_MEAN,262.8
NEW_EXT_SOURCES_STD,250.5
AMT_CREDIT,243.8
APPROVED_DAYS_DECISION_MAX,237.8
BURO_bureau1_MEAN,237.5
ACTIVE_DAYS_CREDIT_MAX,234.8
ACTIVE_DAYS_CREDIT_UPDATE_MEAN,231.0
POS_MONTHS_BALANCE_SIZE,229.0
INSTAL_DAYS_ENTRY_PAYMENT_SUM,223.4
INSTAL_AMT_PAYMENT_MIN,221.9
INSTAL_DBD_MAX,216.8
POS_MONTHS_BALANCE_MEAN,216.1
CLOSED_DAYS_CREDIT_MAX,213.4
APPROVED_CNT_PAYMENT_SUM,212.6
PREV_AMT_ANNUITY_MEAN,208.3
APPROVED_AMT_ANNUITY_MEAN,204.6
CREDIT_TO_INCOME_RATIO,204.2
INSTAL_DAYS_ENTRY_PAYMENT_MEAN,203.6
NEW_PHONE_TO_BIRTH_RATIO,201.8
CLOSED_DAYS_CREDIT_ENDDATE_MAX,200.9
CODE_GENDER,200.0
INSTAL_AMT_PAYMENT_MEAN,199.2
CLOSED_DAYS_CREDIT_VAR,196.0
INSTAL_PAYMENT_PERC_MEAN,191.4
PREV_APP_CREDIT_PERC_VAR,191.1
BURO_AMT_CREDIT_SUM_DEBT_MEAN,183.8
BURO_AMT_CREDIT_MAX_OVERDUE_MAX,182.5
PREV_DAYS_DECISION_MAX,178.7
BURO_DAYS_CREDIT_ENDDATE_MAX,173.9
POS_MONTHS_BALANCE_MAX,173.6
ACTIVE_bureau1_MAX,170.6
INSTAL_ins1_MEAN,170.5
ACTIVE_DAYS_CREDIT_ENDDATE_MIN,168.2
APPROVED_APP_CREDIT_PERC_VAR,168.2
PREV_APP_CREDIT_PERC_MIN,166.7
PREV_NAME_YIELD_GROUP_high_MEAN,166.2
BURO_bureau5_MAX,165.1
BURO_DAYS_CREDIT_VAR,164.7
INCOME_PER_FAM_MEMBERS,164.0
ACTIVE_bureau3_MAX,161.4
PREV_NAME_TYPE_SUITE_Unaccompanied_MEAN,161.0
POS_NAME_CONTRACT_STATUS_Completed_MEAN,159.9
POS_NAME_CONTRACT_STATUS_Active_MEAN,159.3
REFUSED_DAYS_DECISION_MAX,159.0
POS_SK_DPD_DEF_MEAN,158.9
APPROVED_prev4_MEAN,158.5
INSTAL_AMT_INSTALMENT_SUM,157.2
BURO_DAYS_CREDIT_MAX,156.5
ACTIVE_bureau8_MAX,156.4
INSTAL_AMT_INSTALMENT_MAX,156.0
PREV_HOUR_APPR_PROCESS_START_MEAN,155.8
DAYS_LAST_PHONE_CHANGE,155.2
PREV_NAME_CONTRACT_STATUS_Refused_MEAN,154.6
BURO_AMT_CREDIT_MAX_OVERDUE_MEAN,154.1
ACTIVE_bureau2_MAX,154.1
ACTIVE_DAYS_CREDIT_VAR,151.9
CLOSED_bureau8_MEAN,149.0
PREV_APP_CREDIT_PERC_MEAN,145.2
BURO_bureau1_MAX,145.0
ACTIVE_DAYS_CREDIT_ENDDATE_MAX,144.9
ACTIVE_bureau2_MEAN,144.3
INSTAL_AMT_PAYMENT_MAX,143.1
NAME_FAMILY_STATUS_Married,141.6
PREV_DAYS_DECISION_MEAN,141.0
ACTIVE_AMT_CREDIT_SUM_DEBT_SUM,140.7
BURO_bureau3_MAX,140.5
CLOSED_DAYS_CREDIT_UPDATE_MEAN,140.0
INSTAL_DBD_MEAN,139.8
ACTIVE_bureau8_MEAN,138.9
PREV_NAME_TYPE_SUITE_nan_MEAN,138.0
BURO_bureau8_MEAN,137.2
AMT_INCOME_TOTAL,136.4
BURO_bureau2_MEAN,135.8
BURO_AMT_CREDIT_SUM_SUM,135.5
BURO_bureau2_MAX,134.2
CLOSED_bureau8_MAX,133.5
BURO_DAYS_CREDIT_ENDDATE_MEAN,133.3
PREV_RATE_DOWN_PAYMENT_MEAN,131.7
ACTIVE_AMT_CREDIT_SUM_DEBT_MEAN,131.5
CLOSED_bureau5_MAX,131.3
CLOSED_AMT_CREDIT_SUM_SUM,130.9
NEW_CAR_TO_EMPLOY_RATIO,130.7
APPROVED_DAYS_DECISION_MEAN,130.7
BURO_bureau6_MAX,130.5
ACTIVE_AMT_CREDIT_MAX_OVERDUE_MAX,129.8
APPROVED_AMT_CREDIT_MAX,129.5
APPROVED_HOUR_APPR_PROCESS_START_MEAN,128.5
APPROVED_AMT_DOWN_PAYMENT_MAX,127.9
PREV_prev4_MEAN,126.3
ACTIVE_DAYS_CREDIT_MEAN,126.3
INSTAL_PAYMENT_PERC_VAR,125.2
REGION_RATING_CLIENT_W_CITY,124.4
BURO_DAYS_CREDIT_UPDATE_MEAN,123.0
BURO_bureau8_MAX,121.8
PREV_NAME_YIELD_GROUP_middle_MEAN,120.7
BURO_CREDIT_TYPE_Consumer credit_MEAN,120.7
ACTIVE_DAYS_CREDIT_MIN,120.6
TOTALAREA_MODE,120.0
PREV_WEEKDAY_APPR_PROCESS_START_THURSDAY_MEAN,119.3
CLOSED_bureau1_MEAN,117.6
CLOSED_bureau6_MEAN,117.4
REFUSED_DAYS_DECISION_MEAN,116.2
ACTIVE_bureau4_MAX,116.0
INSTAL_PAYMENT_DIFF_VAR,114.7
BURO_DAYS_CREDIT_MEAN,114.3
HOUR_APPR_PROCESS_START,114.0
BURO_bureau7_MEAN,113.1
APPROVED_AMT_ANNUITY_MAX,112.0
ACTIVE_DAYS_CREDIT_ENDDATE_MEAN,111.6
INSTAL_ins1_MAX,111.4
BURO_DAYS_CREDIT_MIN,111.0
CC_AMT_CREDIT_LIMIT_ACTUAL_MEAN,110.7
BURO_AMT_CREDIT_SUM_DEBT_SUM,110.4
ACTIVE_bureau5_MEAN,110.3
INSTAL_COUNT,109.9
PREV_WEEKDAY_APPR_PROCESS_START_MONDAY_MEAN,109.7
BURO_bureau6_MEAN,109.0
CLOSED_AMT_CREDIT_SUM_MEAN,109.0
PREV_PRODUCT_COMBINATION_Cash X-Sell: low_MEAN,109.0
INSTAL_AMT_INSTALMENT_MEAN,108.8
APPROVED_APP_CREDIT_PERC_MIN,108.6
PREV_NAME_YIELD_GROUP_low_normal_MEAN,108.6
PREV_AMT_CREDIT_MEAN,108.5
BURO_bureau5_MEAN,107.3
INC_PER_CHILD,107.0
PREV_AMT_ANNUITY_MAX,106.5
CLOSED_DAYS_CREDIT_ENDDATE_MEAN,103.8
APPROVED_prev1_MEAN,103.6
PREV_WEEKDAY_APPR_PROCESS_START_FRIDAY_MEAN,103.5
BURO_AMT_CREDIT_SUM_DEBT_MAX,103.3
ACTIVE_AMT_CREDIT_SUM_MEAN,101.3
APPROVED_prev1_MAX,100.7
FLAG_WORK_PHONE,100.1
CC_CNT_DRAWINGS_CURRENT_VAR,98.2
PREV_AMT_DOWN_PAYMENT_MEAN,98.1
BURO_STATUS_0_MEAN_MEAN,98.0
APPROVED_APP_CREDIT_PERC_MEAN,97.9
PREV_CHANNEL_TYPE_Credit and cash offices_MEAN,96.4
PREV_WEEKDAY_APPR_PROCESS_START_SATURDAY_MEAN,95.9
BURO_AMT_CREDIT_SUM_MEAN,95.1
PREV_NAME_SELLER_INDUSTRY_Connectivity_MEAN,94.9
INSTAL_DPD_SUM,94.7
PREV_RATE_DOWN_PAYMENT_MAX,94.5
PREV_NAME_CLIENT_TYPE_Refreshed_MEAN,93.5
FLAG_OWN_CAR,93.2
BURO_CREDIT_TYPE_Credit card_MEAN,92.9
ACTIVE_AMT_CREDIT_SUM_DEBT_MAX,92.5
CC_AMT_PAYMENT_CURRENT_MEAN,92.5
APPROVED_RATE_DOWN_PAYMENT_MEAN,92.0
PREV_NAME_PAYMENT_TYPE_XNA_MEAN,90.0
PREV_CHANNEL_TYPE_Country-wide_MEAN,89.9
PREV_PRODUCT_COMBINATION_Cash Street: low_MEAN,89.8
PREV_PRODUCT_COMBINATION_Cash X-Sell: high_MEAN,89.3
PREV_AMT_APPLICATION_MEAN,88.5
REFUSED_HOUR_APPR_PROCESS_START_MEAN,88.4
CLOSED_bureau6_MAX,88.3
PREV_AMT_DOWN_PAYMENT_MAX,88.1
CLOSED_bureau2_MEAN,87.5
ACTIVE_AMT_CREDIT_MAX_OVERDUE_MEAN,87.0
CLOSED_bureau5_MEAN,87.0
PREV_prev2_MEAN,86.8
CLOSED_bureau3_MAX,86.4
PREV_prev4_MAX,86.3
PREV_NAME_CLIENT_TYPE_New_MEAN,86.0
DEF_30_CNT_SOCIAL_CIRCLE,85.6
YEARS_BEGINEXPLUATATION_MEDI,85.6
CC_cc8_MEAN,85.6
ACTIVE_AMT_CREDIT_SUM_LIMIT_MEAN,85.4
PREV_NAME_YIELD_GROUP_low_action_MEAN,84.9
NEW_CAR_TO_BIRTH_RATIO,84.8
APPROVED_AMT_DOWN_PAYMENT_MEAN,84.4
CLOSED_DAYS_CREDIT_MIN,84.3
BURO_CREDIT_TYPE_Microloan_MEAN,84.0
BURO_bureau7_MAX,83.7
INSTAL_NUM_INSTALMENT_VERSION_NUNIQUE,83.6
PREV_prev1_MEAN,83.0
CLOSED_AMT_CREDIT_MAX_OVERDUE_MEAN,82.7
ACTIVE_MONTHS_BALANCE_SIZE_MEAN,82.6
CC_CNT_DRAWINGS_ATM_CURRENT_MEAN,82.6
BURO_DAYS_CREDIT_ENDDATE_MIN,81.5
CLOSED_bureau2_MAX,81.1
APPROVED_prev4_MAX,80.4
BURO_bureau4_MEAN,80.2
PREV_AMT_CREDIT_MAX,79.9
PREV_NAME_YIELD_GROUP_XNA_MEAN,79.5
CLOSED_DAYS_CREDIT_ENDDATE_MIN,79.4
PREV_CNT_PAYMENT_SUM,78.7
BURO_CREDIT_ACTIVE_Closed_MEAN,78.7
NEW_DOC_IND_KURT,78.4
CLOSED_AMT_CREDIT_MAX_OVERDUE_MAX,78.3
APPROVED_AMT_APPLICATION_MAX,77.3
PREV_WEEKDAY_APPR_PROCESS_START_TUESDAY_MEAN,76.7
CLOSED_bureau1_MAX,76.6
PREV_NAME_SELLER_INDUSTRY_Consumer electronics_MEAN,76.5
CLOSED_bureau7_MEAN,76.3
APPROVED_RATE_DOWN_PAYMENT_MAX,75.8
POS_SK_DPD_MEAN,75.6
APPROVED_HOUR_APPR_PROCESS_START_MAX,75.0
OWN_CAR_AGE,74.9
INSTAL_DPD_MAX,74.9
PREV_NAME_PRODUCT_TYPE_walk-in_MEAN,74.2
BURO_CREDIT_TYPE_Mortgage_MEAN,73.6
PREV_APP_CREDIT_PERC_MAX,73.2
PREV_HOUR_APPR_PROCESS_START_MAX,73.1
PREV_NAME_CONTRACT_STATUS_Approved_MEAN,72.7
APPROVED_prev2_MEAN,72.3
LOW_CLASS,72.3
PREV_AMT_GOODS_PRICE_MEAN,71.6
CC_CNT_DRAWINGS_CURRENT_MEAN,71.5
PREV_WEEKDAY_APPR_PROCESS_START_WEDNESDAY_MEAN,71.0
BURO_AMT_CREDIT_SUM_LIMIT_MEAN,70.2
APPROVED_APP_CREDIT_PERC_MAX,70.1
YEARS_BEGINEXPLUATATION_MODE,69.8
CLOSED_DAYS_CREDIT_MEAN,69.4
ACTIVE_bureau4_MEAN,68.6
BURO_bureau4_MAX,68.3
CLOSED_bureau7_MAX,67.9
CC_AMT_PAYMENT_TOTAL_CURRENT_MEAN,67.3
PREV_NAME_TYPE_SUITE_Family_MEAN,66.9
CLOSED_AMT_ANNUITY_MAX,66.6
APPROVED_prev2_MAX,66.3
PREV_NAME_PORTFOLIO_Cash_MEAN,65.8
APARTMENTS_MODE,65.3
LANDAREA_MODE,65.2
APPROVED_AMT_APPLICATION_MEAN,64.0
REFUSED_CNT_PAYMENT_MEAN,63.7
PREV_NAME_CLIENT_TYPE_Repeater_MEAN,63.0
PREV_CHANNEL_TYPE_Stone_MEAN,62.9
APPROVED_AMT_CREDIT_MEAN,62.4
REG_CITY_NOT_LIVE_CITY,62.3
REFUSED_APP_CREDIT_PERC_MIN,62.0
LIVINGAREA_MODE,61.8
PREV_PRODUCT_COMBINATION_POS household with interest_MEAN,61.6
CC_cc9_MEAN,61.4
PREV_CODE_REJECT_REASON_SCO_MEAN,61.2
NEW_DOC_IND_AVG,61.2
REFUSED_prev2_MAX,61.0
BURO_CREDIT_ACTIVE_Active_MEAN,60.7
PREV_prev2_MAX,60.7
BURO_CREDIT_TYPE_Car loan_MEAN,60.7
CC_CNT_DRAWINGS_ATM_CURRENT_VAR,60.2
OBS_60_CNT_SOCIAL_CIRCLE,60.0
APPROVED_AMT_GOODS_PRICE_MEAN,60.0
CLOSED_Month_closed_to_end_MIN,59.9
BURO_Latest_Status_0_MEAN,59.6
CC_AMT_PAYMENT_CURRENT_VAR,59.0
POS_SK_DPD_DEF_MAX,59.0
LANDAREA_AVG,58.5
PREV_NAME_PAYMENT_TYPE_Cash through the bank_MEAN,58.2
REFUSED_APP_CREDIT_PERC_VAR,58.0
PREV_AMT_APPLICATION_MAX,57.7
PREV_NAME_GOODS_CATEGORY_Mobile_MEAN,57.3
PREV_NAME_PRODUCT_TYPE_XNA_MEAN,57.0
CC_AMT_PAYMENT_CURRENT_SUM,57.0
CC_AMT_CREDIT_LIMIT_ACTUAL_SUM,56.7
ORGANIZATION_TYPE_Self-employed,56.7
PREV_NAME_CONTRACT_STATUS_Canceled_MEAN,56.6
CLOSED_Non_zero_DPD_ratio_MEAN,56.0
CLOSED_MONTHS_BALANCE_SIZE_MEAN,55.7
YEARS_BEGINEXPLUATATION_AVG,55.7
DEF_60_CNT_SOCIAL_CIRCLE,55.5
AMT_REQ_CREDIT_BUREAU_YEAR,55.3
FLAG_DOCUMENT_3,55.2
PREV_NAME_CASH_LOAN_PURPOSE_XNA_MEAN,54.8
NAME_EDUCATION_TYPE_Higher education,54.6
ACTIVE_AMT_CREDIT_SUM_LIMIT_SUM,54.5
PREV_prev6_MEAN,54.1
AMT_REQ_CREDIT_BUREAU_QRT,53.8
BURO_STATUS_X_MEAN_MEAN,53.8
PREV_CHANNEL_TYPE_Contact center_MEAN,53.4
REFUSED_AMT_ANNUITY_MAX,53.2
BURO_MONTHS_BALANCE_SIZE_MEAN,52.7
REFUSED_AMT_GOODS_PRICE_MEAN,52.6
REFUSED_APP_CREDIT_PERC_MEAN,52.5
APARTMENTS_MEDI,52.4
PREV_CODE_REJECT_REASON_XAP_MEAN,52.3
LIVINGAREA_AVG,52.0
CC_cc1_VAR,51.8
PREV_NAME_PRODUCT_TYPE_x-sell_MEAN,51.0
CLOSED_MONTHS_BALANCE_LAST_MAX,50.9
LANDAREA_MEDI,50.7
ACTIVE_MONTHS_BALANCE_SIZE_SUM,50.4
APARTMENTS_AVG,50.2
BASEMENTAREA_AVG,50.1
BURO_MONTHS_BALANCE_SIZE_SUM,49.7
OBS_30_CNT_SOCIAL_CIRCLE,49.6
REFUSED_AMT_ANNUITY_MEAN,49.4
BURO_AMT_ANNUITY_MEAN,49.2
PREV_WEEKDAY_APPR_PROCESS_START_SUNDAY_MEAN,49.2
PREV_NAME_GOODS_CATEGORY_Consumer Electronics_MEAN,48.2
PREV_NAME_CONTRACT_TYPE_Cash loans_MEAN,47.8
BASEMENTAREA_MODE,47.8
BURO_STATUS_1_MEAN_MEAN,47.7
APPROVED_prev6_MEAN,47.4
CC_cc10_MEAN,47.2
PREV_CHANNEL_TYPE_AP+ (Cash loan)_MEAN,46.7
ORGANIZATION_TYPE_Construction,46.7
PREV_CHANNEL_TYPE_Channel of corporate sales_MEAN,46.5
REFUSED_CNT_PAYMENT_SUM,46.5
BURO_Latest_Status_X_MEAN,46.2
BURO_Closed_Balance_MAX,46.0
PREV_NAME_GOODS_CATEGORY_Audio/Video_MEAN,45.2
NONLIVINGAREA_AVG,45.1
APPROVED_AMT_GOODS_PRICE_MAX,45.0
BURO_STATUS_C_MEAN_MEAN,44.9
CC_cc1_MEAN,44.8
NONLIVINGAREA_MODE,44.7
CC_CNT_DRAWINGS_CURRENT_MAX,44.7
BURO_AMT_ANNUITY_MAX,44.5
PREV_NAME_GOODS_CATEGORY_Furniture_MEAN,44.3
PREV_PRODUCT_COMBINATION_POS mobile with interest_MEAN,43.7
BURO_bureau3_MEAN,43.6
PREV_PRODUCT_COMBINATION_Cash Street: high_MEAN,43.5
ACTIVE_AMT_ANNUITY_MAX,43.5
CLOSED_MONTHS_BALANCE_SIZE_SUM,43.4
ORGANIZATION_TYPE_Transport: type 3,43.2
PREV_NAME_PORTFOLIO_XNA_MEAN,42.7
LIVINGAREA_MEDI,42.5
NEW_INC_BY_ORG,42.0
REFUSED_prev2_MEAN,41.8
CC_SK_DPD_DEF_MEAN,41.1
PREV_PRODUCT_COMBINATION_Cash X-Sell: middle_MEAN,41.0
CC_cc13_SUM,40.4
ACTIVE_Month_closed_to_end_MEAN,40.3
COMMONAREA_MEDI,40.1
NAME_EDUCATION_TYPE_Secondary / secondary special,40.1
ACTIVE_AMT_ANNUITY_MEAN,40.1
PREV_NAME_PORTFOLIO_POS_MEAN,39.9
ORGANIZATION_TYPE_Business Entity Type 3,39.9
COMMONAREA_AVG,39.8
BURO_AMT_CREDIT_SUM_LIMIT_SUM,39.1
REFUSED_AMT_CREDIT_MAX,38.7
ORGANIZATION_TYPE_School,38.1
PREV_CODE_REJECT_REASON_HC_MEAN,37.9
PREV_NAME_SELLER_INDUSTRY_XNA_MEAN,37.5
REFUSED_AMT_APPLICATION_MAX,37.2
ORGANIZATION_TYPE_Military,37.2
PREV_NAME_CONTRACT_TYPE_Revolving loans_MEAN,37.2
REFUSED_prev4_MEAN,37.1
BURO_Month_closed_to_end_MIN,37.0
REFUSED_AMT_APPLICATION_MEAN,36.9
CLOSED_MONTHS_BALANCE_LAST_MEAN,36.9
BASEMENTAREA_MEDI,36.7
BURO_Non_zero_DPD_ratio_MEAN,36.7
REFUSED_AMT_CREDIT_MEAN,36.5
CC_AMT_CREDIT_LIMIT_ACTUAL_VAR,36.4
ACTIVE_Non_zero_DPD_ratio_MEAN,36.2
PREV_NAME_GOODS_CATEGORY_Computers_MEAN,35.8
BURO_STATUS_0_SUM_SUM,35.8
PREV_PRODUCT_COMBINATION_POS industry with interest_MEAN,35.7
HIGH_CLASS,35.4
BURO_STATUS_X_SUM_SUM,35.3
PREV_PRODUCT_COMBINATION_Cash_MEAN,35.1
BURO_Closed_Balance_MIN,34.8
POS_NAME_CONTRACT_STATUS_Signed_MEAN,34.8
ACTIVE_AMT_CREDIT_SUM_OVERDUE_MAX,34.6
CC_CNT_DRAWINGS_POS_CURRENT_MEAN,34.5
CLOSED_bureau3_MEAN,34.3
CLOSED_bureau4_MAX,34.2
ENTRANCES_AVG,33.7
CC_AMT_PAYMENT_CURRENT_MAX,33.4
CC_cc1_SUM,33.2
"PREV_NAME_TYPE_SUITE_Spouse, partner_MEAN",32.7
PREV_PRODUCT_COMBINATION_Card Street_MEAN,32.5
PREV_NAME_GOODS_CATEGORY_Sport and Leisure_MEAN,32.4
NONLIVINGAREA_MEDI,32.4
CC_cc6_MAX,32.1
CC_AMT_PAYMENT_TOTAL_CURRENT_SUM,32.0
CLOSED_Month_closed_to_end_MAX,32.0
"WALLSMATERIAL_MODE_Stone, brick",31.9
PREV_NAME_PORTFOLIO_Cards_MEAN,31.9
REFUSED_prev1_MEAN,31.8
COMMONAREA_MODE,31.7
ACTIVE_bureau3_MEAN,31.6
NAME_INCOME_TYPE_Working,31.5
INSTAL_ins3_MEAN,31.1
FLAG_DOCUMENT_8,31.1
CLOSED_AMT_ANNUITY_MEAN,30.9
LIVINGAPARTMENTS_MODE,30.9
PREV_AMT_GOODS_PRICE_MAX,30.9
LIVINGAPARTMENTS_AVG,30.8
CC_CNT_DRAWINGS_POS_CURRENT_MAX,30.7
ORGANIZATION_TYPE_Industry: type 9,30.6
BURO_MONTHS_BALANCE_LAST_MEAN,30.6
YEARS_BUILD_MODE,30.3
NONLIVINGAPARTMENTS_AVG,30.1
WEEKDAY_APPR_PROCESS_START_MONDAY,30.1
NAME_HOUSING_TYPE_Office apartment,30.1
num_missing,30.0
NAME_INCOME_TYPE_State servant,30.0
CC_cc9_VAR,30.0
CC_cc6_MEAN,29.6
POS_SK_DPD_MAX,29.4
CC_AMT_PAYMENT_TOTAL_CURRENT_VAR,29.2
REFUSED_APP_CREDIT_PERC_MAX,29.1
CC_cc13_VAR,29.0
PREV_PRODUCT_COMBINATION_Card X-Sell_MEAN,28.9
POS_NAME_CONTRACT_STATUS_Returned to the store_MEAN,28.8
CLOSED_Closed_Balance_MAX,28.8
PREV_NAME_GOODS_CATEGORY_Photo / Cinema Equipment_MEAN,28.6
ACTIVE_MONTHS_BALANCE_MIN_MIN,28.5
PREV_NAME_GOODS_CATEGORY_XNA_MEAN,28.5
REFUSED_prev4_MAX,28.2
FLOORSMAX_AVG,28.2
ACTIVE_MONTHS_BALANCE_LAST_MEAN,27.7
PREV_NAME_CASH_LOAN_PURPOSE_Urgent needs_MEAN,27.4
CLOSED_bureau4_MEAN,27.2
YEARS_BUILD_AVG,27.1
ENTRANCES_MEDI,27.0
ACTIVE_MONTHS_BALANCE_LAST_MAX,26.9
CC_cc13_MEAN,26.8
REFUSED_AMT_GOODS_PRICE_MAX,26.8
CC_cc13_MAX,26.7
CC_cc8_VAR,26.6
BURO_Closed_Balance_MEAN,26.5
CC_AMT_DRAWINGS_ATM_CURRENT_MEAN,26.5
CC_AMT_DRAWINGS_POS_CURRENT_SUM,26.2
CC_CNT_DRAWINGS_CURRENT_SUM,26.0
CC_cc6_VAR,26.0
CC_AMT_DRAWINGS_ATM_CURRENT_MAX,26.0
CC_AMT_INST_MIN_REGULARITY_SUM,26.0
OCCUPATION_TYPE_Sales staff,25.8
REFUSED_HOUR_APPR_PROCESS_START_MAX,25.6
CLOSED_Closed_Balance_MEAN,25.5
BURO_STATUS_1_SUM_SUM,25.4
CC_AMT_DRAWINGS_CURRENT_SUM,25.3
PREV_PRODUCT_COMBINATION_Cash Street: middle_MEAN,25.1
PREV_NAME_CONTRACT_TYPE_Consumer loans_MEAN,25.0
REFUSED_RATE_DOWN_PAYMENT_MAX,25.0
BURO_STATUS_C_SUM_SUM,24.8
CC_cc7_MAX,24.6
BURO_AMT_CREDIT_SUM_OVERDUE_MEAN,24.3
CC_cc8_SUM,24.1
LIVINGAPARTMENTS_MEDI,23.9
CC_cc12_MEAN,23.6
PREV_CODE_REJECT_REASON_LIMIT_MEAN,22.4
CC_AMT_RECEIVABLE_PRINCIPAL_MEAN,22.2
BURO_Month_closed_to_end_MEAN,21.8
LIVE_CITY_NOT_WORK_CITY,21.7
FLAG_PHONE,21.7
CC_cc7_VAR,21.6
BURO_AMT_CREDIT_SUM_OVERDUE_MAX,21.5
NEW_LIVE_IND_KURT,21.4
CC_cc8_MAX,21.4
CC_AMT_PAYMENT_TOTAL_CURRENT_MAX,21.4
ACTIVE_Month_closed_to_end_MIN,21.3
BURO_MONTHS_BALANCE_LAST_MAX,21.2
CLOSED_AMT_CREDIT_SUM_DEBT_MAX,21.2
OCCUPATION_TYPE_Core staff,21.2
REFUSED_AMT_DOWN_PAYMENT_MAX,20.8
YEARS_BUILD_MEDI,20.7
ACTIVE_Closed_Balance_MEAN,20.6
CC_AMT_DRAWINGS_ATM_CURRENT_SUM,20.6
CC_AMT_DRAWINGS_ATM_CURRENT_VAR,20.4
CC_CNT_DRAWINGS_POS_CURRENT_VAR,20.3
REFUSED_RATE_DOWN_PAYMENT_MEAN,20.2
CC_cc11_SUM,20.1
ORGANIZATION_TYPE_Kindergarten,20.1
ACTIVE_Closed_Balance_MAX,19.6
BURO_Latest_Status_C_MEAN,19.5
CC_cc10_SUM,19.4
OCCUPATION_TYPE_Drivers,19.3
PREV_PRODUCT_COMBINATION_POS household without interest_MEAN,19.2
REFUSED_prev1_MAX,19.1
ACTIVE_Closed_Balance_MIN,19.1
CC_AMT_DRAWINGS_POS_CURRENT_VAR,18.8
ELEVATORS_AVG,18.8
PREV_prev5_MAX,18.7
WEEKDAY_APPR_PROCESS_START_SATURDAY,18.7
CC_cc7_MEAN,18.6
CLOSED_MONTHS_BALANCE_MIN_MIN,18.5
CC_cc12_MAX,18.5
CC_NAME_CONTRACT_STATUS_Active_VAR,18.2
CC_cc12_VAR,18.1
CC_CNT_DRAWINGS_POS_CURRENT_SUM,18.0
CC_cc9_MAX,18.0
AMT_REQ_CREDIT_BUREAU_WEEK,18.0
BURO_CREDIT_ACTIVE_Sold_MEAN,17.9
BURO_Month_closed_to_end_MAX,17.9
REFUSED_AMT_DOWN_PAYMENT_MEAN,17.8
CC_CNT_DRAWINGS_ATM_CURRENT_SUM,17.8
PREV_NAME_TYPE_SUITE_Children_MEAN,17.5
CC_cc2_MEAN,17.5
PREV_NAME_SELLER_INDUSTRY_Furniture_MEAN,17.4
FLOORSMIN_MODE,17.4
ENTRANCES_MODE,17.3
NAME_INCOME_TYPE_Commercial associate,17.2
CC_AMT_CREDIT_LIMIT_ACTUAL_MAX,17.1
BURO_MONTHS_BALANCE_MIN_MIN,17.0
CC_AMT_DRAWINGS_CURRENT_MEAN,16.9
ACTIVE_MONTHS_BALANCE_MAX_MAX,16.9
WEEKDAY_APPR_PROCESS_START_SUNDAY,16.7
CC_CNT_INSTALMENT_MATURE_CUM_VAR,16.6
PREV_prev5_MEAN,16.4
CLOSED_Month_closed_to_end_MEAN,16.4
PREV_NAME_SELLER_INDUSTRY_Clothing_MEAN,16.3
NEW_LIVE_IND_SUM,16.1
NAME_HOUSING_TYPE_House / apartment,16.0
ORGANIZATION_TYPE_Police,15.8
CC_AMT_DRAWINGS_POS_CURRENT_MAX,15.8
ORGANIZATION_TYPE_Security Ministries,15.8
CC_AMT_BALANCE_VAR,15.7
FLOORSMIN_AVG,15.7
CC_AMT_INST_MIN_REGULARITY_VAR,15.5
AMT_REQ_CREDIT_BUREAU_DAY,15.4
CC_AMT_BALANCE_MEAN,15.3
PREV_NAME_CASH_LOAN_PURPOSE_Medicine_MEAN,15.2
ORGANIZATION_TYPE_Medicine,15.0
CC_cc11_MAX,14.9
CC_AMT_RECIVABLE_MEAN,14.7
CC_CNT_INSTALMENT_MATURE_CUM_MEAN,14.7
PREV_CHANNEL_TYPE_Regional / Local_MEAN,14.6
WEEKDAY_APPR_PROCESS_START_WEDNESDAY,14.6
REGION_RATING_CLIENT,14.0
WEEKDAY_APPR_PROCESS_START_TUESDAY,13.8
CC_AMT_DRAWINGS_CURRENT_VAR,13.8
BURO_Non_zero_DPD_cnt_SUM,13.8
CC_cc12_SUM,13.5
CC_AMT_BALANCE_MAX,13.5
CC_cc10_VAR,13.4
PREV_NAME_SELLER_INDUSTRY_Construction_MEAN,13.3
OCCUPATION_TYPE_Managers,13.2
WEEKDAY_APPR_PROCESS_START_FRIDAY,13.2
AMT_REQ_CREDIT_BUREAU_MON,13.2
CC_CNT_INSTALMENT_MATURE_CUM_SUM,13.2
PREV_NAME_GOODS_CATEGORY_Construction Materials_MEAN,13.1
CC_AMT_RECIVABLE_MAX,13.1
ACTIVE_Month_closed_to_end_MAX,13.0
FLOORSMAX_MEDI,13.0
CC_AMT_RECEIVABLE_PRINCIPAL_VAR,12.9
ORGANIZATION_TYPE_Bank,12.8
PREV_NAME_GOODS_CATEGORY_Gardening_MEAN,12.7
POS_COUNT,12.6
CC_AMT_RECEIVABLE_PRINCIPAL_MAX,12.5
CLOSED_Closed_Balance_MIN,12.4
CC_cc2_VAR,12.4
PREV_NAME_CASH_LOAN_PURPOSE_Repairs_MEAN,12.4
NAME_CONTRACT_TYPE_Cash loans,12.1
FLOORSMIN_MEDI,11.9
CNT_CHILDREN,11.9
PREV_NAME_CASH_LOAN_PURPOSE_XAP_MEAN,11.8
CC_NAME_CONTRACT_STATUS_Signed_VAR,11.7
PREV_prev1_MAX,11.7
CLOSED_MONTHS_BALANCE_MAX_MAX,11.4
ACTIVE_Non_zero_DPD_cnt_SUM,11.4
CC_AMT_INST_MIN_REGULARITY_MEAN,11.3
PREV_NAME_SELLER_INDUSTRY_Auto technology_MEAN,11.2
CC_cc11_VAR,11.2
PREV_NAME_TYPE_SUITE_Other_B_MEAN,11.0
CC_cc11_MEAN,11.0
PREV_PRODUCT_COMBINATION_POS mobile without interest_MEAN,10.8
PREV_PRODUCT_COMBINATION_POS other with interest_MEAN,10.6
FLAG_OWN_REALTY,10.5
CC_cc3_VAR,10.4
NAME_FAMILY_STATUS_Single / not married,10.3
CC_AMT_DRAWINGS_CURRENT_MAX,10.3
PREV_CODE_REJECT_REASON_SCOFR_MEAN,10.3
NAME_TYPE_SUITE_Unaccompanied,10.3
CNT_FAM_MEMBERS,10.2
WALLSMATERIAL_MODE_Panel,10.2
PREV_PRODUCT_COMBINATION_POS industry without interest_MEAN,10.0
NAME_HOUSING_TYPE_Municipal apartment,10.0
CC_cc6_SUM,10.0
CC_NAME_CONTRACT_STATUS_Active_SUM,9.9
CC_AMT_DRAWINGS_POS_CURRENT_MEAN,9.3
ELEVATORS_MEDI,9.1
CC_SK_DPD_SUM,9.0
CC_CNT_DRAWINGS_ATM_CURRENT_MAX,8.8
NAME_TYPE_SUITE_Other_B,8.8
PREV_NAME_GOODS_CATEGORY_Clothing and Accessories_MEAN,8.8
OCCUPATION_TYPE_Medicine staff,8.7
OCCUPATION_TYPE_High skill tech staff,8.6
FLOORSMAX_MODE,8.5
FLAG_DOCUMENT_11,8.5
CC_cc9_SUM,8.5
CC_NAME_CONTRACT_STATUS_Active_MEAN,8.4
ELEVATORS_MODE,8.1
NONLIVINGAPARTMENTS_MEDI,8.0
WALLSMATERIAL_MODE_Others,8.0
PREV_NAME_GOODS_CATEGORY_Jewelry_MEAN,7.9
CC_AMT_RECIVABLE_VAR,7.8
CLOSED_AMT_CREDIT_SUM_DEBT_MEAN,7.6
CC_cc10_MAX,7.4
CC_cc7_SUM,7.4
REG_CITY_NOT_WORK_CITY,7.3
BURO_STATUS_2_MEAN_MEAN,7.2
CC_AMT_RECEIVABLE_PRINCIPAL_SUM,7.1
FONDKAPREMONT_MODE_reg oper spec account,7.0
CC_AMT_DRAWINGS_OTHER_CURRENT_VAR,7.0
CC_cc2_SUM,6.9
NAME_FAMILY_STATUS_Separated,6.5
CC_AMT_INST_MIN_REGULARITY_MAX,6.5
PREV_NAME_SELLER_INDUSTRY_Industry_MEAN,6.4
NAME_FAMILY_STATUS_Widow,6.4
NAME_EDUCATION_TYPE_Incomplete higher,6.1
BURO_Latest_Status_1_MEAN,6.1
OCCUPATION_TYPE_Accountants,6.1
"NAME_TYPE_SUITE_Spouse, partner",6.0
CC_SK_DPD_VAR,6.0
CC_CNT_INSTALMENT_MATURE_CUM_MAX,5.9
PREV_NAME_CASH_LOAN_PURPOSE_Other_MEAN,5.9
CLOSED_AMT_CREDIT_SUM_DEBT_SUM,5.8
CC_cc3_SUM,5.5
CC_AMT_TOTAL_RECEIVABLE_MAX,5.5
CC_cc1_MAX,5.3
ORGANIZATION_TYPE_Government,5.1
LIVE_REGION_NOT_WORK_REGION,5.1
CC_AMT_RECIVABLE_SUM,5.0
CLOSED_AMT_CREDIT_SUM_LIMIT_MEAN,5.0
CC_MONTHS_BALANCE_SUM,4.8
CC_AMT_BALANCE_SUM,4.8
CC_AMT_DRAWINGS_OTHER_CURRENT_MAX,4.8
NONLIVINGAPARTMENTS_MODE,4.7
PREV_NAME_CONTRACT_STATUS_Unused offer_MEAN,4.6
CLOSED_Non_zero_DPD_cnt_SUM,4.5
CC_cc2_MAX,4.5
NAME_EDUCATION_TYPE_Lower secondary,4.2
ORGANIZATION_TYPE_Other,4.0
OCCUPATION_TYPE_Low-skill Laborers,3.9
BURO_STATUS_4_SUM_SUM,3.8
FONDKAPREMONT_MODE_org spec account,3.6
CC_cc3_MEAN,3.5
BURO_CREDIT_DAY_OVERDUE_MAX,3.5
ORGANIZATION_TYPE_Trade: type 3,3.4
REG_REGION_NOT_WORK_REGION,3.4
CC_SK_DPD_DEF_VAR,3.3
CC_AMT_TOTAL_RECEIVABLE_MEAN,3.3
CC_AMT_DRAWINGS_OTHER_CURRENT_SUM,3.3
CC_SK_DPD_MEAN,3.1
WEEKDAY_APPR_PROCESS_START_THURSDAY,3.1
ORGANIZATION_TYPE_Business Entity Type 1,3.0
NAME_TYPE_SUITE_Family,2.9
PREV_CODE_REJECT_REASON_VERIF_MEAN,2.9
CC_cc3_MAX,2.8
FONDKAPREMONT_MODE_reg oper account,2.6
CC_MONTHS_BALANCE_VAR,2.6
CC_MONTHS_BALANCE_MEAN,2.6
CC_MONTHS_BALANCE_MAX,2.6
NAME_HOUSING_TYPE_With parents,2.6
CC_AMT_TOTAL_RECEIVABLE_VAR,2.5
ORGANIZATION_TYPE_Trade: type 7,2.5
OCCUPATION_TYPE_Cleaning staff,2.4
FLAG_DOCUMENT_6,2.4
NAME_HOUSING_TYPE_Rented apartment,2.4
ACTIVE_AMT_CREDIT_SUM_OVERDUE_MEAN,2.4
NAME_FAMILY_STATUS_Civil marriage,2.4
ORGANIZATION_TYPE_Transport: type 4,2.3
BURO_MONTHS_BALANCE_MAX_MAX,2.3
FLAG_EMAIL,2.1
CC_AMT_DRAWINGS_OTHER_CURRENT_MEAN,2.1
PREV_FLAG_LAST_APPL_PER_CONTRACT_N_MEAN,2.1
PREV_NAME_GOODS_CATEGORY_Vehicles_MEAN,2.0
INSTAL_ins2_MEAN,2.0
CC_NAME_CONTRACT_STATUS_Completed_SUM,2.0
PREV_NAME_PAYMENT_TYPE_Non-cash from your account_MEAN,2.0
FLAG_DOCUMENT_18,1.9
OCCUPATION_TYPE_Laborers,1.9
PREV_NAME_TYPE_SUITE_Other_A_MEAN,1.8
CC_COUNT,1.8
HOUSETYPE_MODE_specific housing,1.8
ORGANIZATION_TYPE_Security,1.8
NAME_TYPE_SUITE_Children,1.7
CC_NAME_CONTRACT_STATUS_Completed_VAR,1.6
FONDKAPREMONT_MODE_not specified,1.5
ACTIVE_MONTHS_BALANCE_LAST_MIN,1.5
CC_CNT_DRAWINGS_OTHER_CURRENT_MEAN,1.4
PREV_NAME_TYPE_SUITE_Group of people_MEAN,1.4
CC_AMT_TOTAL_RECEIVABLE_SUM,1.4
ACTIVE_CREDIT_DAY_OVERDUE_MAX,1.4
CC_SK_DPD_DEF_SUM,1.3
CLOSED_AMT_CREDIT_SUM_LIMIT_SUM,1.3
CC_cc5_MEAN,1.2
REG_REGION_NOT_LIVE_REGION,1.2
ACTIVE_CREDIT_DAY_OVERDUE_MEAN,1.2
ORGANIZATION_TYPE_Industry: type 3,1.2
CC_cc4_SUM,1.1
OCCUPATION_TYPE_Security staff,1.1
PREV_NAME_CASH_LOAN_PURPOSE_Buying a used car_MEAN,0.9
CC_CNT_DRAWINGS_OTHER_CURRENT_VAR,0.9
APPROVED_prev5_MEAN,0.9
CC_NAME_CONTRACT_STATUS_Signed_MEAN,0.9
CLOSED_MONTHS_BALANCE_LAST_MIN,0.9
CC_cc4_MAX,0.9
BURO_STATUS_3_MEAN_MEAN,0.9
WALLSMATERIAL_MODE_Wooden,0.8
CC_NAME_CONTRACT_STATUS_Completed_MEAN,0.8
BURO_STATUS_2_SUM_SUM,0.8
ACTIVE_CNT_CREDIT_PROLONG_SUM,0.7
NAME_CONTRACT_TYPE_Revolving loans,0.7
BURO_CREDIT_DAY_OVERDUE_MEAN,0.7
BURO_MONTHS_BALANCE_LAST_MIN,0.7
CC_cc4_MEAN,0.7
BURO_CNT_CREDIT_PROLONG_SUM,0.7
BURO_CREDIT_TYPE_Loan for business development_MEAN,0.7
PREV_NAME_GOODS_CATEGORY_Auto Accessories_MEAN,0.6
OCCUPATION_TYPE_Private service staff,0.6
PREV_NAME_CASH_LOAN_PURPOSE_Car repairs_MEAN,0.6
OCCUPATION_TYPE_Waiters/barmen staff,0.5
BURO_STATUS_4_MEAN_MEAN,0.5
BURO_CREDIT_TYPE_Loan for working capital replenishment_MEAN,0.5
APPROVED_prev5_MAX,0.5
ORGANIZATION_TYPE_Industry: type 1,0.5
HOUSETYPE_MODE_block of flats,0.5
CC_SK_DPD_MAX,0.5
POS_NAME_CONTRACT_STATUS_Approved_MEAN,0.4
EMERGENCYSTATE_MODE_No,0.4
CC_cc4_VAR,0.4
PREV_CODE_REJECT_REASON_XNA_MEAN,0.4
PREV_NAME_CASH_LOAN_PURPOSE_Building a house or an annex_MEAN,0.4
PREV_prev6_MAX,0.3
PREV_NAME_CASH_LOAN_PURPOSE_Payments on other loans_MEAN,0.3
APPROVED_prev6_MAX,0.3
PREV_NAME_SELLER_INDUSTRY_Jewelry_MEAN,0.3
PREV_NAME_CLIENT_TYPE_XNA_MEAN,0.3
ORGANIZATION_TYPE_Business Entity Type 2,0.2
WALLSMATERIAL_MODE_Mixed,0.2
EMERGENCYSTATE_MODE_Yes,0.2
CLOSED_CNT_CREDIT_PROLONG_SUM,0.2
PREV_NAME_CASH_LOAN_PURPOSE_Education_MEAN,0.2
ACTIVE_bureau6_MAX,0.2
PREV_CODE_REJECT_REASON_CLIENT_MEAN,0.1
WALLSMATERIAL_MODE_Block,0.1
CC_CNT_DRAWINGS_OTHER_CURRENT_SUM,0.1
CC_CNT_DRAWINGS_OTHER_CURRENT_MAX,0.1
ORGANIZATION_TYPE_Restaurant,0.1
INSTAL_ins2_MAX,0.1
ORGANIZATION_TYPE_Agriculture,0.1
OCCUPATION_TYPE_Realty agents,0.0
CC_NAME_CONTRACT_STATUS_nan_MAX,0.0
BURO_CREDIT_TYPE_Cash loan (non-earmarked)_MEAN,0.0
REFUSED_prev3_MAX,0.0
PREV_NAME_YIELD_GROUP_nan_MEAN,0.0
CC_cc5_SUM,0.0
CC_cc5_VAR,0.0
BURO_CREDIT_TYPE_Another type of loan_MEAN,0.0
NAME_TYPE_SUITE_Group of people,0.0
AMT_REQ_CREDIT_BUREAU_HOUR,0.0
CC_cc5_MAX,0.0
CC_NAME_CONTRACT_STATUS_nan_MEAN,0.0
NAME_TYPE_SUITE_Other_A,0.0
BURO_CREDIT_TYPE_Loan for purchase of shares (margin lending)_MEAN,0.0
BURO_CREDIT_TYPE_Loan for the purchase of equipment_MEAN,0.0
CC_NAME_CONTRACT_STATUS_Signed_SUM,0.0
NAME_HOUSING_TYPE_Co-op apartment,0.0
PREV_NAME_SELLER_INDUSTRY_Tourism_MEAN,0.0
CLOSED_AMT_CREDIT_SUM_OVERDUE_MAX,0.0
CLOSED_CREDIT_DAY_OVERDUE_MEAN,0.0
PREV_NAME_SELLER_INDUSTRY_nan_MEAN,0.0
CLOSED_CREDIT_DAY_OVERDUE_MAX,0.0
BURO_CREDIT_TYPE_Interbank credit_MEAN,0.0
BURO_CREDIT_ACTIVE_Bad debt_MEAN,0.0
CC_NAME_CONTRACT_STATUS_nan_SUM,0.0
REFUSED_prev6_MEAN,0.0
REFUSED_prev6_MAX,0.0
NAME_INCOME_TYPE_Unemployed,0.0
NAME_INCOME_TYPE_Student,0.0
PREV_WEEKDAY_APPR_PROCESS_START_nan_MEAN,0.0
NAME_EDUCATION_TYPE_Academic degree,0.0
OCCUPATION_TYPE_Cooking staff,0.0
APPROVED_prev3_MAX,0.0
APPROVED_prev3_MEAN,0.0
REFUSED_prev5_MEAN,0.0
ACTIVE_bureau7_MEAN,0.0
CLOSED_AMT_CREDIT_SUM_OVERDUE_MEAN,0.0
PREV_prev3_MAX,0.0
NAME_INCOME_TYPE_Pensioner,0.0
PREV_prev3_MEAN,0.0
PREV_PRODUCT_COMBINATION_nan_MEAN,0.0
PREV_PRODUCT_COMBINATION_POS others without interest_MEAN,0.0
OCCUPATION_TYPE_HR staff,0.0
OCCUPATION_TYPE_IT staff,0.0
REFUSED_prev5_MAX,0.0
ACTIVE_bureau7_MAX,0.0
WALLSMATERIAL_MODE_Monolithic,0.0
CC_SK_DPD_DEF_MAX,0.0
ACTIVE_bureau6_MEAN,0.0
CC_NAME_CONTRACT_STATUS_nan_VAR,0.0
NAME_INCOME_TYPE_Businessman,0.0
INSTAL_ins3_MAX,0.0
REFUSED_prev3_MEAN,0.0
CC_NAME_CONTRACT_STATUS_Signed_MAX,0.0
ORGANIZATION_TYPE_Religion,0.0
PREV_NAME_SELLER_INDUSTRY_MLM partners_MEAN,0.0
ORGANIZATION_TYPE_Industry: type 13,0.0
CC_NAME_CONTRACT_STATUS_Demand_MEAN,0.0
ORGANIZATION_TYPE_Industry: type 8,0.0
ORGANIZATION_TYPE_Industry: type 7,0.0
ORGANIZATION_TYPE_Industry: type 6,0.0
ORGANIZATION_TYPE_Industry: type 5,0.0
PREV_CHANNEL_TYPE_Car dealer_MEAN,0.0
ORGANIZATION_TYPE_Industry: type 4,0.0
BURO_STATUS_5_SUM_SUM,0.0
BURO_STATUS_5_MEAN_MEAN,0.0
PREV_CHANNEL_TYPE_nan_MEAN,0.0
BURO_STATUS_3_SUM_SUM,0.0
ORGANIZATION_TYPE_Industry: type 2,0.0
ORGANIZATION_TYPE_Industry: type 12,0.0
CC_NAME_CONTRACT_STATUS_Demand_MAX,0.0
PREV_CODE_REJECT_REASON_SYSTEM_MEAN,0.0
PREV_CODE_REJECT_REASON_nan_MEAN,0.0
ORGANIZATION_TYPE_Industry: type 11,0.0
ORGANIZATION_TYPE_Industry: type 10,0.0
PREV_FLAG_LAST_APPL_PER_CONTRACT_Y_MEAN,0.0
PREV_FLAG_LAST_APPL_PER_CONTRACT_nan_MEAN,0.0
CC_NAME_CONTRACT_STATUS_Demand_SUM,0.0
PREV_NAME_CASH_LOAN_PURPOSE_Business development_MEAN,0.0
PREV_NAME_CASH_LOAN_PURPOSE_Buying a garage_MEAN,0.0
PREV_NAME_CASH_LOAN_PURPOSE_Buying a holiday home / land_MEAN,0.0
PREV_NAME_CASH_LOAN_PURPOSE_Buying a home_MEAN,0.0
PREV_NAME_CASH_LOAN_PURPOSE_Buying a new car_MEAN,0.0
HOUSETYPE_MODE_terraced house,0.0
ORGANIZATION_TYPE_Insurance,0.0
PREV_NAME_CASH_LOAN_PURPOSE_Furniture_MEAN,0.0
CC_NAME_CONTRACT_STATUS_Approved_MAX,0.0
ORGANIZATION_TYPE_Realtor,0.0
ORGANIZATION_TYPE_Postal,0.0
CC_NAME_CONTRACT_STATUS_Active_MAX,0.0
ORGANIZATION_TYPE_Services,0.0
ORGANIZATION_TYPE_Telecom,0.0
ORGANIZATION_TYPE_Trade: type 1,0.0
ORGANIZATION_TYPE_Trade: type 2,0.0
ORGANIZATION_TYPE_Trade: type 4,0.0
ORGANIZATION_TYPE_Trade: type 5,0.0
ORGANIZATION_TYPE_Trade: type 6,0.0
ORGANIZATION_TYPE_Transport: type 1,0.0
ORGANIZATION_TYPE_Transport: type 2,0.0
ORGANIZATION_TYPE_University,0.0
POS_pos CNT_INSTALMENT more CNT_INSTALMENT_FUTURE_MAX,0.0
ORGANIZATION_TYPE_XNA,0.0
ORGANIZATION_TYPE_Mobile,0.0
CC_NAME_CONTRACT_STATUS_Approved_MEAN,0.0
CC_NAME_CONTRACT_STATUS_Approved_SUM,0.0
ORGANIZATION_TYPE_Legal Services,0.0
POS_NAME_CONTRACT_STATUS_Amortized debt_MEAN,0.0
POS_NAME_CONTRACT_STATUS_Canceled_MEAN,0.0
CC_NAME_CONTRACT_STATUS_Approved_VAR,0.0
POS_NAME_CONTRACT_STATUS_Demand_MEAN,0.0
CC_NAME_CONTRACT_STATUS_Completed_MAX,0.0
POS_NAME_CONTRACT_STATUS_XNA_MEAN,0.0
POS_NAME_CONTRACT_STATUS_nan_MEAN,0.0
PREV_NAME_CASH_LOAN_PURPOSE_Everyday expenses_MEAN,0.0
PREV_NAME_CASH_LOAN_PURPOSE_Gasification / water supply_MEAN,0.0
OCCUPATION_TYPE_Secretaries,0.0
PREV_NAME_PAYMENT_TYPE_Cashless from the account of the employer_MEAN,0.0
PREV_NAME_GOODS_CATEGORY_House Construction_MEAN,0.0
PREV_NAME_GOODS_CATEGORY_Insurance_MEAN,0.0
PREV_NAME_GOODS_CATEGORY_Medical Supplies_MEAN,0.0
PREV_NAME_GOODS_CATEGORY_Medicine_MEAN,0.0
BURO_Latest_Status_4_MEAN,0.0
PREV_NAME_GOODS_CATEGORY_Office Appliances_MEAN,0.0
PREV_NAME_GOODS_CATEGORY_Other_MEAN,0.0
CC_NAME_CONTRACT_STATUS_Refused_SUM,0.0
CC_NAME_CONTRACT_STATUS_Refused_VAR,0.0
PREV_NAME_GOODS_CATEGORY_Weapon_MEAN,0.0
PREV_NAME_GOODS_CATEGORY_nan_MEAN,0.0
BURO_Latest_Status_3_MEAN,0.0
BURO_Latest_Status_2_MEAN,0.0
BURO_Latest_Status_5_MEAN,0.0
PREV_NAME_PAYMENT_TYPE_nan_MEAN,0.0
PREV_NAME_PORTFOLIO_Cars_MEAN,0.0
ORGANIZATION_TYPE_Advertising,0.0
PREV_NAME_PORTFOLIO_nan_MEAN,0.0
CC_NAME_CONTRACT_STATUS_Sent proposal_MAX,0.0
PREV_NAME_PRODUCT_TYPE_nan_MEAN,0.0
CC_NAME_CONTRACT_STATUS_Sent proposal_MEAN,0.0
BURO_CREDIT_TYPE_Unknown type of loan_MEAN,0.0
CC_NAME_CONTRACT_STATUS_Sent proposal_SUM,0.0
BURO_CREDIT_TYPE_Real estate loan_MEAN,0.0
BURO_CREDIT_TYPE_Mobile operator loan_MEAN,0.0
CC_NAME_CONTRACT_STATUS_Sent proposal_VAR,0.0
PREV_NAME_GOODS_CATEGORY_Homewares_MEAN,0.0
PREV_NAME_GOODS_CATEGORY_Fitness_MEAN,0.0
PREV_NAME_CASH_LOAN_PURPOSE_Hobby_MEAN,0.0
CC_NAME_CONTRACT_STATUS_Demand_VAR,0.0
PREV_NAME_CASH_LOAN_PURPOSE_Journey_MEAN,0.0
PREV_NAME_CASH_LOAN_PURPOSE_Money for a third person_MEAN,0.0
ORGANIZATION_TYPE_Housing,0.0
PREV_NAME_CASH_LOAN_PURPOSE_Purchase of electronic equipment_MEAN,0.0
PREV_NAME_CASH_LOAN_PURPOSE_Refusal to name the goal_MEAN,0.0
ORGANIZATION_TYPE_Hotel,0.0
FLAG_MOBIL,0.0
PREV_NAME_CASH_LOAN_PURPOSE_Wedding / gift / holiday_MEAN,0.0
ORGANIZATION_TYPE_Emergency,0.0
PREV_NAME_CASH_LOAN_PURPOSE_nan_MEAN,0.0
FLAG_EMP_PHONE,0.0
PREV_NAME_CLIENT_TYPE_nan_MEAN,0.0
PREV_NAME_CONTRACT_STATUS_nan_MEAN,0.0
PREV_NAME_GOODS_CATEGORY_Education_MEAN,0.0
FLAG_DOCUMENT_16,0.0
ORGANIZATION_TYPE_Electricity,0.0
PREV_NAME_CONTRACT_TYPE_XNA_MEAN,0.0
PREV_NAME_CONTRACT_TYPE_nan_MEAN,0.0
PREV_NAME_GOODS_CATEGORY_Additional Service_MEAN,0.0
PREV_NAME_GOODS_CATEGORY_Animals_MEAN,0.0
FLAG_CONT_MOBILE,0.0
ORGANIZATION_TYPE_Culture,0.0
CC_NAME_CONTRACT_STATUS_Refused_MAX,0.0
ORGANIZATION_TYPE_Cleaning,0.0
CC_NAME_CONTRACT_STATUS_Refused_MEAN,0.0
PREV_NAME_GOODS_CATEGORY_Direct Sales_MEAN,0.0
PREV_NAME_GOODS_CATEGORY_Tourism_MEAN,0.0
